age,gender,blood_group,height_cm,weight_kg,bmi,occupation,diet_type,meal_frequency,hydration,junk_food_freq,fruit_veg_servings_per_day,sugar_intake_g_per_day,sodium_intake_mg_per_day,smoking_status,alcohol_level,exercise_level,sleep_quality,stress_level,screen_time_hours,outdoor_time_hours,family_history,heart_rate,blood_pressure_systolic,oxygen_saturation,temperature_c,glucose_mg_dl,wbc,creatinine,hemoglobin,sodium_meq,potassium,fv_0,fv_1,fv_2,fv_3,fv_4,fv_5,fv_6,fv_7,fv_8,fv_9,fv_10,fv_11,fv_12,fv_13,fv_14,fv_15,fv_16,fv_17,fv_18,fv_19,fv_20,fv_21,fv_22,fv_23,fv_24,fv_25,fv_26,fv_27,fv_28,fv_29,true_disease,pred_disease,true_severity,pred_severity
63,Male,A+,194.3,121.7,32.2,Business / management,Vegan (fully plant-based),Irregular / skips meals often,Adequate (1.5–2.5L/day),Frequently (3–5x/week),6.1,93.4,2752.0,Current light smoker (<10 cigs/day),Light (1–2 drinks/week),Sedentary (no exercise),"Poor (5–6 hrs, unrefreshing)",Moderate (work/family pressures),5.1,1.4,Kidney disease,83.5,112.4,96.9,36.6,142.0,7.2,1.55,15.7,145.2,4.45,0.63,0.644,0.0,0.3333,1.0,0.5,0.75,0.61,0.467,0.5504,0.75,0.25,0.0,0.25,0.5,0.3187,0.175,0.625,0.2719,0.3743,0.8967,0.2667,0.3067,0.24,0.155,0.785,0.565,0.5563,0.8889,0.08,Liver Cirrhosis,Liver Cirrhosis,0.08,0.07989999999999947
59,Non-binary,A+,154.3,78.4,32.9,Unemployed,Low-calorie restrictive,Irregular / skips meals often,Excellent (>3.5L/day),Daily,6.5,113.9,4730.0,Former smoker (quit >5 years ago),,Sedentary (no exercise),"Very poor (<5 hrs, frequent waking)",Moderate (work/family pressures),8.5,1.5,Hypertension,77.5,165.4,94.6,36.2,134.0,7.54,0.3,10.3,135.5,3.48,0.59,0.658,1.0,0.8889,1.0,1.0,1.0,0.65,0.5695,0.946,0.25,0.0,0.0,0.0,0.5,0.5312,0.1875,0.375,0.2344,0.7529,0.82,0.2,0.28,0.2513,0.03,0.515,0.4437,0.435,0.2222,0.15,Coronary Artery Disease,Coronary Artery Disease,0.15,0.14999999999999916
36,Female,AB+,182.6,60.1,18.0,Unemployed,High-sodium / fried foods,4–5 small meals/day (frequent),Adequate (1.5–2.5L/day),Never,7.8,86.8,1342.0,Never smoked,Moderate (3–7 drinks/week),Sedentary (no exercise),"Good (7–8 hrs, mostly restful)",High (chronic workplace/financial stress),13.1,1.9,Cancer,74.9,109.5,94.6,36.6,58.9,10.7,1.2,15.3,138.3,3.59,0.36,0.36,0.5,0.7778,0.75,0.5,0.0,0.78,0.434,0.2684,0.0,0.5,0.0,0.75,0.75,0.8187,0.2375,0.5,0.2181,0.3536,0.82,0.2667,0.0297,0.3567,0.12,0.765,0.4788,0.4487,0.6667,0.5,Depression,Depression,0.5,0.49929999999999986
19,Non-binary,AB-,169.1,71.1,24.9,Homemaker,"Vegetarian (plant-based, dairy/eggs allowed)",2 meals/day,Very low (<1L/day),Rarely (once a month),1.2,128.1,1174.0,Current light smoker (<10 cigs/day),Heavy (>7 drinks/week),Sedentary (no exercise),"Poor (5–6 hrs, unrefreshing)",Low (manageable daily stressors),11.4,0.6,Mental illness,75.6,131.2,95.2,36.7,82.2,7.24,0.96,13.2,141.0,4.48,0.19,0.498,1.0,0.2222,0.25,0.0,0.25,0.12,0.6405,0.2348,0.75,0.75,0.0,0.25,0.25,0.7125,0.075,0.75,0.2225,0.5086,0.84,0.2833,0.1073,0.2413,0.096,0.66,0.5125,0.56,0.1111,0.36,Hypertension,Hypertension,0.36,0.3592666666666661
23,Male,O+,157.0,76.3,31.0,Teacher / academic,Vegan (fully plant-based),4–5 small meals/day (frequent),Low (1–1.5L/day),Occasionally (1–2x/week),6.9,152.9,4787.0,Never smoked,,Athlete (daily intense training),"Excellent (8–9 hrs, deep restful sleep)",Moderate (work/family pressures),2.3,0.1,,42.7,138.3,99.6,37.3,101.9,11.41,0.37,11.8,147.5,4.39,0.23,0.62,0.0,0.3333,0.75,0.25,0.5,0.69,0.7645,0.9574,0.0,0.0,1.0,1.0,0.5,0.1437,0.0125,0.0,0.0169,0.5593,0.9867,0.3833,0.173,0.3803,0.037,0.59,0.5938,0.5487,0.8889,0.4,Liver Cirrhosis,Liver Cirrhosis,0.4,0.40053333333333485
60,Female,O+,157.7,86.2,34.7,Driver / transport worker,"Mediterranean (olive oil, fish, vegetables)",2 meals/day,Excellent (>3.5L/day),Daily,0.6,171.7,1863.0,Never smoked,,Moderate (150 min/week aerobic),"Very poor (<5 hrs, frequent waking)",Low (manageable daily stressors),9.3,1.0,Cancer,71.3,112.0,97.6,37.0,83.8,6.89,1.23,12.1,133.4,3.33,0.6,0.694,0.5,0.1111,0.25,1.0,1.0,0.06,0.8585,0.3726,0.0,0.0,0.5,0.0,0.25,0.5813,0.125,0.5,0.1956,0.3714,0.92,0.3333,0.1127,0.2297,0.123,0.605,0.4175,0.4163,0.5556,0.26,Obesity,Obesity,0.26,0.25973333333333365
25,Female,A+,161.0,90.4,34.9,Student,High-sugar / high-processed,Irregular / skips meals often,Low (1–1.5L/day),Occasionally (1–2x/week),1.6,68.7,1422.0,Current light smoker (<10 cigs/day),Light (1–2 drinks/week),Active (300+ min/week mixed),"Excellent (8–9 hrs, deep restful sleep)",Moderate (work/family pressures),10.4,0.3,Kidney disease,89.7,116.8,95.7,36.8,105.7,6.15,1.12,13.9,144.6,5.02,0.25,0.698,0.5,0.5556,1.0,0.25,0.5,0.16,0.3435,0.2844,0.75,0.25,0.75,1.0,0.5,0.65,0.0375,0.625,0.3106,0.4057,0.8567,0.3,0.1857,0.205,0.112,0.695,0.5575,0.6275,0.8889,0.18,Liver Cirrhosis,Liver Cirrhosis,0.18,0.18103333333333305
26,Female,A-,178.5,82.3,25.8,"Manual laborer (construction, farming)",Traditional regional diet,4–5 small meals/day (frequent),Low (1–1.5L/day),Occasionally (1–2x/week),4.1,128.8,3119.0,Current light smoker (<10 cigs/day),,Moderate (150 min/week aerobic),"Good (7–8 hrs, mostly restful)","Severe (burnout, traumatic events)",5.1,0.9,,87.5,126.4,90.8,36.6,72.9,9.68,1.74,16.7,145.3,4.05,0.26,0.516,0.5,1.0,0.75,0.25,0.5,0.41,0.644,0.6238,0.75,0.0,0.5,0.75,1.0,0.3187,0.1125,0.0,0.2969,0.4743,0.6933,0.2667,0.0763,0.3227,0.174,0.835,0.5663,0.5062,0.4444,0.28,Chronic Kidney Disease,Chronic Kidney Disease,0.28,0.2805000000000008
57,Non-binary,AB-,162.6,137.8,52.1,Office/desk worker,Balanced (mixed whole foods),1 meal/day (OMAD),Low (1–1.5L/day),Never,1.6,35.4,2135.0,Current heavy smoker (>10 cigs/day),,Moderate (150 min/week aerobic),"Excellent (8–9 hrs, deep restful sleep)","Severe (burnout, traumatic events)",11.8,2.3,,78.8,116.8,96.8,37.0,109.2,10.95,1.61,15.6,141.8,3.93,0.57,1.0,1.0,0.0,0.0,0.25,0.0,0.16,0.177,0.427,1.0,0.0,0.5,1.0,1.0,0.7375,0.2875,0.0,0.2425,0.4057,0.8933,0.3333,0.1973,0.365,0.161,0.78,0.5225,0.4913,0.4444,0.2,Chronic Kidney Disease,Chronic Kidney Disease,0.2,0.20140000000000038
78,Female,AB+,192.1,58.8,15.9,Homemaker,High-sodium / fried foods,4–5 small meals/day (frequent),Adequate (1.5–2.5L/day),Rarely (once a month),5.7,102.1,4766.0,Former smoker (quit >5 years ago),,Active (300+ min/week mixed),"Excellent (8–9 hrs, deep restful sleep)",High (chronic workplace/financial stress),6.8,2.6,Hypertension,81.0,106.0,92.3,35.9,57.9,11.27,0.86,13.9,137.9,3.2,0.78,0.318,0.5,0.7778,0.75,0.5,0.25,0.57,0.5105,0.9532,0.25,0.0,0.75,1.0,0.75,0.425,0.325,0.375,0.2562,0.3286,0.7433,0.15,0.0263,0.3757,0.086,0.695,0.4738,0.4,0.7778,0.39,Asthma,Asthma,0.39,0.38980000000000026
21,Non-binary,O+,165.8,82.0,29.8,Teacher / academic,"Vegetarian (plant-based, dairy/eggs allowed)",3 meals/day (standard),Excellent (>3.5L/day),Frequently (3–5x/week),1.9,65.7,1453.0,Former smoker (quit >5 years ago),Heavy (>7 drinks/week),Light (walking <30 min/day),"Excellent (8–9 hrs, deep restful sleep)",Minimal (relaxed lifestyle),2.6,2.1,Mental illness,67.7,80.8,93.4,37.1,51.6,9.11,2.03,13.6,139.8,4.25,0.21,0.596,1.0,0.2222,0.5,1.0,0.75,0.19,0.3285,0.2906,0.25,0.75,0.25,1.0,0.0,0.1625,0.2625,0.75,0.1731,0.1486,0.78,0.35,0.0053,0.3037,0.203,0.68,0.4975,0.5312,0.4444,0.48,Chronic Kidney Disease,Chronic Kidney Disease,0.48,0.4805666666666664
39,Female,A+,189.0,85.8,24.0,Office/desk worker,"Keto (very low carb, high fat)",Irregular / skips meals often,Very low (<1L/day),Rarely (once a month),1.5,83.9,4129.0,Current heavy smoker (>10 cigs/day),Binge drinking,Moderate (150 min/week aerobic),"Fair (6–7 hrs, occasional disruption)","Severe (burnout, traumatic events)",3.3,3.6,Heart disease,78.3,136.6,93.8,36.7,110.7,4.75,0.48,11.7,138.6,3.49,0.39,0.48,0.5,0.4444,1.0,0.0,0.25,0.15,0.4195,0.8258,1.0,1.0,0.5,0.5,1.0,0.2062,0.45,0.25,0.2394,0.5471,0.7933,0.2833,0.2023,0.1583,0.048,0.585,0.4825,0.4363,1.0,0.12,Anemia,Anemia,0.12,0.12006666666666668
47,Non-binary,A+,167.2,123.7,44.2,Healthcare professional,"Keto (very low carb, high fat)",1 meal/day (OMAD),Excellent (>3.5L/day),Rarely (once a month),2.3,129.4,1570.0,Current heavy smoker (>10 cigs/day),Heavy (>7 drinks/week),Moderate (150 min/week aerobic),"Fair (6–7 hrs, occasional disruption)",High (chronic workplace/financial stress),4.0,2.6,Diabetes,70.3,151.0,97.1,36.4,100.6,9.64,0.39,14.5,137.3,4.22,0.47,0.884,1.0,0.4444,0.0,1.0,0.25,0.23,0.647,0.314,1.0,0.75,0.5,0.5,0.75,0.25,0.325,0.125,0.1894,0.65,0.9033,0.2333,0.1687,0.3213,0.039,0.725,0.4663,0.5275,0.8889,0.13,Liver Cirrhosis,Liver Cirrhosis,0.13,0.13003333333333353
64,Female,B+,193.5,107.1,28.6,Factory / industrial worker,Traditional regional diet,Irregular / skips meals often,Excellent (>3.5L/day),Frequently (3–5x/week),7.0,15.8,2395.0,Current heavy smoker (>10 cigs/day),Light (1–2 drinks/week),Light (walking <30 min/day),"Excellent (8–9 hrs, deep restful sleep)",Moderate (work/family pressures),8.8,4.7,Mental illness,86.3,150.7,97.6,36.8,62.2,6.85,0.83,14.4,137.2,4.7,0.64,0.572,0.5,1.0,1.0,1.0,0.75,0.7,0.079,0.479,1.0,0.25,0.25,1.0,0.5,0.55,0.5875,0.75,0.2894,0.6479,0.92,0.3,0.0407,0.2283,0.083,0.72,0.465,0.5875,0.0,0.39,Type 2 Diabetes,Type 2 Diabetes,0.39,0.39006666666666723
36,Female,B+,179.5,104.1,32.3,Office/desk worker,Fast-food dominant,1 meal/day (OMAD),Low (1–1.5L/day),Daily,3.2,181.2,2260.0,Former smoker (quit >5 years ago),Light (1–2 drinks/week),Active (300+ min/week mixed),"Excellent (8–9 hrs, deep restful sleep)",Moderate (work/family pressures),12.3,1.8,Heart disease,88.9,122.7,92.7,36.5,159.4,7.73,0.49,16.1,144.4,4.89,0.36,0.646,0.5,0.6667,0.0,0.25,1.0,0.32,0.906,0.452,0.25,0.25,0.75,1.0,0.5,0.7688,0.225,0.25,0.3056,0.4479,0.7567,0.25,0.3647,0.2577,0.049,0.805,0.555,0.6112,0.0,0.23,Type 2 Diabetes,Type 2 Diabetes,0.23,0.2307333333333325
63,Female,A+,189.0,47.2,13.2,Unemployed,High-sugar / high-processed,3 meals/day (standard),Excellent (>3.5L/day),Rarely (once a month),5.5,132.7,1114.0,Former smoker (quit 1–5 years ago),,Active (300+ min/week mixed),"Very poor (<5 hrs, frequent waking)","Severe (burnout, traumatic events)",13.7,2.2,Heart disease,83.5,122.5,95.9,36.5,100.4,5.9,1.05,13.1,142.8,4.75,0.63,0.264,0.5,0.5556,0.5,1.0,0.25,0.55,0.6635,0.2228,0.5,0.0,0.75,0.0,1.0,0.8562,0.275,0.25,0.2719,0.4464,0.8633,0.25,0.168,0.1967,0.105,0.655,0.535,0.5938,0.0,0.46,Type 2 Diabetes,Type 2 Diabetes,0.46,0.46039999999999937
37,Non-binary,B+,165.0,117.2,43.0,Retired,Balanced (mixed whole foods),1 meal/day (OMAD),Very low (<1L/day),Daily,7.0,187.1,3370.0,Never smoked,,Moderate (150 min/week aerobic),"Very poor (<5 hrs, frequent waking)","Severe (burnout, traumatic events)",3.9,0.3,Obesity,83.8,110.2,98.4,36.4,162.2,7.23,0.41,11.7,144.6,3.9,0.37,0.86,1.0,0.0,0.0,0.0,1.0,0.7,0.9355,0.674,0.0,0.0,0.5,0.0,1.0,0.2437,0.0375,0.875,0.2737,0.3586,0.9467,0.2333,0.374,0.241,0.041,0.585,0.5575,0.4875,0.0,0.42,Type 2 Diabetes,Type 2 Diabetes,0.42,0.42023333333333474
82,Female,B-,185.2,52.9,15.4,Teacher / academic,"Keto (very low carb, high fat)",4–5 small meals/day (frequent),Adequate (1.5–2.5L/day),Occasionally (1–2x/week),5.1,95.2,1721.0,Current heavy smoker (>10 cigs/day),Binge drinking,Light (walking <30 min/day),"Fair (6–7 hrs, occasional disruption)",Moderate (work/family pressures),6.4,0.1,Hypertension,76.9,132.1,94.5,36.6,83.7,11.92,1.07,15.3,138.0,3.51,0.82,0.308,0.5,0.4444,0.75,0.5,0.5,0.51,0.476,0.3442,1.0,1.0,0.25,0.5,0.5,0.4,0.0125,0.375,0.2306,0.515,0.8167,0.2667,0.1123,0.3973,0.107,0.765,0.475,0.4387,0.1111,0.35,Hypertension,Hypertension,0.35,0.35003333333333214
56,Non-binary,A+,150.2,65.2,28.9,Healthcare professional,Traditional regional diet,4–5 small meals/day (frequent),Low (1–1.5L/day),Occasionally (1–2x/week),1.6,156.5,2085.0,Current heavy smoker (>10 cigs/day),Moderate (3–7 drinks/week),Light (walking <30 min/day),"Poor (5–6 hrs, unrefreshing)",Moderate (work/family pressures),7.0,1.4,Cancer,72.3,130.6,92.9,36.5,89.1,6.0,0.72,13.3,139.8,3.88,0.56,0.578,1.0,1.0,0.75,0.25,0.5,0.16,0.7825,0.417,1.0,0.5,0.25,0.25,0.5,0.4375,0.175,0.5,0.2019,0.5043,0.7633,0.25,0.1303,0.2,0.072,0.665,0.4975,0.485,0.0,0.42,Type 2 Diabetes,Type 2 Diabetes,0.42,0.41973333333333457
66,Non-binary,A-,176.2,84.6,27.2,Business / management,Balanced (mixed whole foods),Irregular / skips meals often,Excellent (>3.5L/day),Never,7.1,84.9,4537.0,Former smoker (quit 1–5 years ago),Binge drinking,Light (walking <30 min/day),"Excellent (8–9 hrs, deep restful sleep)",Moderate (work/family pressures),10.7,1.7,Cancer,42.1,122.0,93.0,37.1,113.2,5.72,1.29,13.9,133.2,5.05,0.66,0.544,1.0,0.0,1.0,1.0,0.0,0.71,0.4245,0.9074,0.5,1.0,0.25,1.0,0.5,0.6687,0.2125,0.5,0.0131,0.4429,0.7667,0.35,0.2107,0.1907,0.129,0.695,0.415,0.6312,0.3333,0.29,COPD,COPD,0.29,0.2899666666666676
56,Male,A-,166.9,85.7,30.8,Factory / industrial worker,Traditional regional diet,4–5 small meals/day (frequent),Good (2.5–3.5L/day),Daily,5.8,181.3,848.0,Former smoker (quit >5 years ago),Light (1–2 drinks/week),Athlete (daily intense training),"Poor (5–6 hrs, unrefreshing)",Low (manageable daily stressors),2.6,4.5,Heart disease,48.7,101.6,95.2,35.9,126.4,8.65,0.94,11.9,139.5,4.71,0.56,0.616,0.0,1.0,0.75,0.75,1.0,0.58,0.9065,0.1696,0.25,0.25,1.0,0.25,0.25,0.1625,0.5625,0.25,0.0544,0.2971,0.84,0.15,0.2547,0.2883,0.094,0.595,0.4938,0.5887,0.0,0.23,Type 2 Diabetes,Type 2 Diabetes,0.23,0.22916666666666577
65,Non-binary,O-,194.9,122.8,32.3,Teacher / academic,"Mediterranean (olive oil, fish, vegetables)",4–5 small meals/day (frequent),Excellent (>3.5L/day),Never,7.8,102.9,1341.0,Former smoker (quit 1–5 years ago),Light (1–2 drinks/week),Sedentary (no exercise),"Excellent (8–9 hrs, deep restful sleep)",Low (manageable daily stressors),7.5,2.4,Obesity,85.1,142.7,95.2,36.9,62.7,8.48,1.08,15.1,142.4,4.0,0.65,0.646,1.0,0.1111,0.75,1.0,0.0,0.78,0.5145,0.2682,0.5,0.25,0.0,1.0,0.25,0.4688,0.3,0.875,0.2819,0.5907,0.84,0.3167,0.0423,0.2827,0.108,0.755,0.53,0.5,0.1111,0.25,Hypertension,Hypertension,0.25,0.24980000000000005
45,Non-binary,O-,174.9,124.4,40.7,Teacher / academic,Traditional regional diet,3 meals/day (standard),Excellent (>3.5L/day),Never,8.0,41.5,1030.0,Current light smoker (<10 cigs/day),Light (1–2 drinks/week),Sedentary (no exercise),"Excellent (8–9 hrs, deep restful sleep)","Severe (burnout, traumatic events)",8.8,3.7,,93.4,135.1,95.5,37.1,84.8,5.98,1.56,15.3,137.2,3.73,0.45,0.814,1.0,1.0,0.5,1.0,0.0,0.8,0.2075,0.206,0.75,0.25,0.0,1.0,1.0,0.55,0.4625,0.0,0.3338,0.5364,0.85,0.35,0.116,0.1993,0.156,0.765,0.465,0.4662,0.5556,0.86,Obesity,Obesity,0.86,0.8472333333333352
47,Male,B-,163.3,92.6,34.7,Teacher / academic,"Mediterranean (olive oil, fish, vegetables)",Irregular / skips meals often,Good (2.5–3.5L/day),Occasionally (1–2x/week),3.3,131.2,3332.0,Former smoker (quit 1–5 years ago),,Active (300+ min/week mixed),"Good (7–8 hrs, mostly restful)",Moderate (work/family pressures),5.6,3.5,Heart disease,66.6,140.5,93.8,37.4,96.4,5.77,1.71,13.6,144.4,3.76,0.47,0.694,0.0,0.1111,1.0,0.75,0.5,0.33,0.656,0.6664,0.5,0.0,0.75,0.75,0.5,0.35,0.4375,0.25,0.1662,0.575,0.7933,0.4,0.1547,0.1923,0.171,0.68,0.555,0.47,0.2222,0.09,Coronary Artery Disease,Coronary Artery Disease,0.09,0.09006666666666654
28,Non-binary,A-,187.9,76.4,21.6,IT / technology worker,Fast-food dominant,4–5 small meals/day (frequent),Excellent (>3.5L/day),Daily,6.9,65.4,1510.0,Never smoked,Moderate (3–7 drinks/week),Active (300+ min/week mixed),"Good (7–8 hrs, mostly restful)","Severe (burnout, traumatic events)",4.5,2.8,Heart disease,90.5,145.8,100.0,36.3,126.8,4.56,0.61,12.4,135.8,3.57,0.28,0.432,1.0,0.6667,0.75,1.0,1.0,0.69,0.327,0.302,0.0,0.5,0.75,0.75,1.0,0.2812,0.35,0.25,0.3156,0.6129,1.0,0.2167,0.256,0.152,0.061,0.62,0.4475,0.4462,0.2222,0.19,Coronary Artery Disease,Coronary Artery Disease,0.19,0.19026666666666622
69,Female,O-,172.2,50.8,17.1,Homemaker,High-sugar / high-processed,4–5 small meals/day (frequent),Very low (<1L/day),Rarely (once a month),3.0,141.6,1372.0,Former smoker (quit >5 years ago),Binge drinking,Sedentary (no exercise),"Very poor (<5 hrs, frequent waking)",Minimal (relaxed lifestyle),12.3,3.5,Hypertension,80.3,85.9,94.3,36.2,141.0,8.33,1.38,15.1,137.2,3.29,0.69,0.342,0.5,0.5556,0.75,0.0,0.25,0.3,0.708,0.2744,0.25,1.0,0.0,0.0,0.0,0.7688,0.4375,0.375,0.2519,0.185,0.81,0.2,0.3033,0.2777,0.138,0.755,0.465,0.4113,0.7778,0.18,Asthma,Asthma,0.18,0.1801666666666664
34,Male,O+,183.1,56.4,16.8,Unemployed,Low-calorie restrictive,1 meal/day (OMAD),Low (1–1.5L/day),Never,1.5,101.5,3311.0,Current light smoker (<10 cigs/day),Binge drinking,Athlete (daily intense training),"Very poor (<5 hrs, frequent waking)",Low (manageable daily stressors),10.9,1.6,Kidney disease,73.6,103.5,95.4,36.8,87.5,7.67,0.3,13.2,134.5,4.91,0.34,0.336,0.0,0.8889,0.0,0.25,0.0,0.15,0.5075,0.6622,0.75,1.0,1.0,0.0,0.25,0.6813,0.2,0.625,0.21,0.3107,0.8467,0.3,0.125,0.2557,0.03,0.66,0.4313,0.6138,0.1111,0.55,Hypertension,Hypertension,0.55,0.5486000000000008
37,Female,B+,151.9,53.4,23.1,Retired,Low-calorie restrictive,2 meals/day,Low (1–1.5L/day),Rarely (once a month),1.7,154.2,4650.0,Former smoker (quit 1–5 years ago),Heavy (>7 drinks/week),Active (300+ min/week mixed),"Excellent (8–9 hrs, deep restful sleep)",High (chronic workplace/financial stress),3.4,0.8,Obesity,69.5,110.8,95.8,36.5,124.8,9.53,0.69,12.2,139.1,3.93,0.37,0.462,0.5,0.8889,0.25,0.25,0.25,0.17,0.771,0.93,0.5,0.75,0.75,1.0,0.75,0.2125,0.1,0.875,0.1844,0.3629,0.86,0.25,0.2493,0.3177,0.069,0.61,0.4887,0.4913,1.0,0.18,Anemia,Anemia,0.18,0.18029999999999974
38,Non-binary,O+,195.0,120.7,31.7,Student,Low-calorie restrictive,Irregular / skips meals often,Good (2.5–3.5L/day),Frequently (3–5x/week),2.6,50.4,2753.0,Former smoker (quit >5 years ago),Light (1–2 drinks/week),Moderate (150 min/week aerobic),"Poor (5–6 hrs, unrefreshing)","Severe (burnout, traumatic events)",11.9,3.5,Diabetes,71.2,148.1,95.9,36.8,53.8,9.62,0.78,12.8,134.2,4.91,0.38,0.634,1.0,0.8889,1.0,0.75,0.75,0.26,0.252,0.5506,0.25,0.25,0.5,0.25,1.0,0.7438,0.4375,0.125,0.195,0.6293,0.8633,0.3,0.0127,0.3207,0.078,0.64,0.4275,0.6138,0.2222,0.05,Coronary Artery Disease,Coronary Artery Disease,0.05,0.05383333333333358
52,Non-binary,B+,192.1,60.6,16.4,Student,Balanced (mixed whole foods),2 meals/day,Adequate (1.5–2.5L/day),Daily,8.0,144.7,4341.0,Current heavy smoker (>10 cigs/day),Light (1–2 drinks/week),Athlete (daily intense training),"Very poor (<5 hrs, frequent waking)",Moderate (work/family pressures),4.8,3.9,Hypertension,73.3,157.7,97.8,36.2,50.8,11.63,1.86,13.2,138.5,4.83,0.52,0.328,1.0,0.0,0.25,0.5,1.0,0.8,0.7235,0.8682,1.0,0.25,1.0,0.0,0.5,0.3,0.4875,0.375,0.2081,0.6979,0.9267,0.2,0.0027,0.3877,0.186,0.66,0.4813,0.6038,0.7778,0.15,Asthma,Asthma,0.15,0.14999999999999916
78,Female,A-,166.6,84.7,30.5,"Manual laborer (construction, farming)",Low-calorie restrictive,4–5 small meals/day (frequent),Low (1–1.5L/day),Daily,2.6,64.7,4272.0,Never smoked,,Athlete (daily intense training),"Fair (6–7 hrs, occasional disruption)",Moderate (work/family pressures),9.8,0.8,Cancer,53.3,139.6,95.2,36.9,129.2,8.23,0.3,13.3,143.0,3.16,0.78,0.61,0.5,0.8889,0.75,0.25,1.0,0.26,0.3235,0.8544,0.0,0.0,1.0,0.5,0.5,0.6125,0.1,0.5,0.0831,0.5686,0.84,0.3167,0.264,0.2743,0.03,0.665,0.5375,0.395,0.0,0.32,Type 2 Diabetes,Type 2 Diabetes,0.32,0.3210999999999983
51,Non-binary,AB+,157.3,113.6,45.9,Factory / industrial worker,Balanced (mixed whole foods),1 meal/day (OMAD),Good (2.5–3.5L/day),Occasionally (1–2x/week),3.1,137.7,1258.0,Current heavy smoker (>10 cigs/day),Light (1–2 drinks/week),Athlete (daily intense training),"Very poor (<5 hrs, frequent waking)","Severe (burnout, traumatic events)",2.6,3.5,,62.3,174.1,94.9,35.5,103.3,12.71,1.66,10.2,138.7,3.5,0.51,0.918,1.0,0.0,0.0,0.75,0.5,0.31,0.6885,0.2516,1.0,0.25,1.0,0.0,1.0,0.1625,0.4375,0.0,0.1394,0.815,0.83,0.0833,0.1777,0.4237,0.166,0.51,0.4837,0.4375,0.5556,0.92,Obesity,Obesity,0.92,0.8488666666666682
45,Non-binary,A-,174.9,65.1,21.3,Unemployed,"Vegetarian (plant-based, dairy/eggs allowed)",4–5 small meals/day (frequent),Low (1–1.5L/day),Occasionally (1–2x/week),7.8,151.2,3405.0,Never smoked,Heavy (>7 drinks/week),Active (300+ min/week mixed),"Good (7–8 hrs, mostly restful)",Moderate (work/family pressures),6.8,3.5,Cancer,51.4,91.6,97.5,35.9,77.6,4.02,1.82,17.4,135.8,4.23,0.45,0.426,1.0,0.2222,0.75,0.25,0.5,0.78,0.756,0.681,0.0,0.75,0.75,0.75,0.5,0.425,0.4375,0.5,0.0712,0.2257,0.9167,0.15,0.092,0.134,0.182,0.87,0.4475,0.5288,0.8889,0.18,Liver Cirrhosis,Liver Cirrhosis,0.18,0.18073333333333308
60,Male,B+,157.3,107.6,43.5,Student,"Keto (very low carb, high fat)",2 meals/day,Good (2.5–3.5L/day),Occasionally (1–2x/week),4.4,153.3,4615.0,Current light smoker (<10 cigs/day),,Moderate (150 min/week aerobic),"Excellent (8–9 hrs, deep restful sleep)",Low (manageable daily stressors),9.8,1.9,Mental illness,57.0,140.8,96.3,36.9,98.4,8.77,0.91,16.5,140.3,3.9,0.6,0.87,0.0,0.4444,0.25,0.75,0.5,0.44,0.7665,0.923,0.75,0.0,0.5,1.0,0.25,0.6125,0.2375,0.75,0.1062,0.5771,0.8767,0.3167,0.1613,0.2923,0.091,0.825,0.5038,0.4875,0.5556,0.93,Obesity,Obesity,0.93,0.8652000000000019
82,Male,AB+,190.9,120.4,33.0,Business / management,Balanced (mixed whole foods),4–5 small meals/day (frequent),Adequate (1.5–2.5L/day),Daily,8.9,92.5,990.0,Current light smoker (<10 cigs/day),Moderate (3–7 drinks/week),Moderate (150 min/week aerobic),"Very poor (<5 hrs, frequent waking)",Minimal (relaxed lifestyle),10.6,2.5,,57.2,126.7,92.3,36.4,77.5,8.09,1.08,14.5,148.7,4.24,0.82,0.66,0.0,0.0,0.75,0.5,1.0,0.89,0.4625,0.198,0.75,0.5,0.5,0.0,0.0,0.6625,0.3125,0.0,0.1075,0.4764,0.7433,0.2333,0.0917,0.2697,0.108,0.725,0.6087,0.53,0.3333,0.27,COPD,COPD,0.27,0.2701333333333337
81,Male,A+,176.5,99.7,32.0,Driver / transport worker,High-sodium / fried foods,1 meal/day (OMAD),Very low (<1L/day),Frequently (3–5x/week),6.8,36.9,2572.0,Never smoked,Heavy (>7 drinks/week),Active (300+ min/week mixed),"Excellent (8–9 hrs, deep restful sleep)",High (chronic workplace/financial stress),3.3,1.5,,91.8,145.6,96.2,37.3,151.2,6.85,1.02,12.6,138.6,4.96,0.81,0.64,0.0,0.7778,0.0,0.0,0.75,0.68,0.1845,0.5144,0.0,0.75,0.75,1.0,0.75,0.2062,0.1875,0.0,0.3237,0.6114,0.8733,0.3833,0.3373,0.2283,0.102,0.63,0.4825,0.62,0.6667,0.4,Depression,Depression,0.4,0.3997666666666684
46,Non-binary,B-,158.1,115.8,46.3,Healthcare professional,Fast-food dominant,Irregular / skips meals often,Adequate (1.5–2.5L/day),Daily,5.0,28.0,2025.0,Never smoked,Light (1–2 drinks/week),Light (walking <30 min/day),"Fair (6–7 hrs, occasional disruption)","Severe (burnout, traumatic events)",6.1,3.0,Heart disease,77.4,127.7,97.4,37.4,195.3,8.64,0.65,14.7,140.0,3.98,0.46,0.926,1.0,0.6667,1.0,0.5,1.0,0.5,0.14,0.405,0.0,0.25,0.25,0.5,1.0,0.3812,0.375,0.25,0.2338,0.4836,0.9133,0.4,0.4843,0.288,0.065,0.735,0.5,0.4975,0.8889,0.18,Liver Cirrhosis,Liver Cirrhosis,0.18,0.18049999999999974
30,Non-binary,AB-,167.5,125.3,44.7,Student,Fast-food dominant,1 meal/day (OMAD),Adequate (1.5–2.5L/day),Never,8.4,118.8,4504.0,Never smoked,Light (1–2 drinks/week),Light (walking <30 min/day),"Good (7–8 hrs, mostly restful)",Moderate (work/family pressures),13.7,0.1,Mental illness,52.1,142.9,95.5,36.6,160.1,13.26,0.46,13.2,137.1,3.67,0.3,0.894,1.0,0.6667,0.0,0.5,0.0,0.84,0.594,0.9008,0.0,0.25,0.25,0.75,0.5,0.8562,0.0125,0.75,0.0756,0.5921,0.85,0.2667,0.367,0.442,0.046,0.66,0.4637,0.4587,0.6667,0.22,Depression,Depression,0.22,0.21956666666666616
43,Non-binary,O+,187.7,134.5,38.2,Office/desk worker,"Vegetarian (plant-based, dairy/eggs allowed)",4–5 small meals/day (frequent),Very low (<1L/day),Frequently (3–5x/week),1.9,177.7,2298.0,Never smoked,Binge drinking,Athlete (daily intense training),"Good (7–8 hrs, mostly restful)",High (chronic workplace/financial stress),2.7,4.6,Cancer,57.5,123.7,97.1,36.5,94.0,10.28,0.7,14.5,141.3,3.4,0.43,0.764,1.0,0.2222,0.75,0.0,0.75,0.19,0.8885,0.4596,0.0,1.0,1.0,0.75,0.75,0.1688,0.575,0.5,0.1094,0.455,0.9033,0.25,0.1467,0.3427,0.07,0.725,0.5163,0.425,1.0,0.06,Anemia,Anemia,0.06,0.05950000000000004
53,Male,A+,165.7,111.3,40.5,Healthcare professional,Fast-food dominant,2 meals/day,Very low (<1L/day),Never,1.4,111.2,3343.0,Former smoker (quit 1–5 years ago),Heavy (>7 drinks/week),Moderate (150 min/week aerobic),"Good (7–8 hrs, mostly restful)",High (chronic workplace/financial stress),4.2,0.1,Hypertension,73.6,109.5,97.6,37.0,152.0,7.62,1.35,15.2,143.6,4.05,0.53,0.81,0.0,0.6667,0.25,0.0,0.0,0.14,0.556,0.6686,0.5,0.75,0.5,0.75,0.75,0.2625,0.0125,0.375,0.21,0.3536,0.92,0.3333,0.34,0.254,0.135,0.76,0.545,0.5062,0.5556,0.79,Obesity,Obesity,0.79,0.7836333333333327
58,Non-binary,AB-,155.4,130.1,53.9,"Manual laborer (construction, farming)",Vegan (fully plant-based),2 meals/day,Very low (<1L/day),Daily,1.6,84.4,2489.0,Never smoked,Light (1–2 drinks/week),Athlete (daily intense training),"Good (7–8 hrs, mostly restful)",Minimal (relaxed lifestyle),12.3,1.7,Obesity,66.4,149.5,94.7,36.6,83.3,7.8,0.71,13.2,147.5,4.02,0.58,1.0,1.0,0.3333,0.25,0.0,1.0,0.16,0.422,0.4978,0.0,0.25,1.0,0.75,0.0,0.7688,0.2125,0.875,0.165,0.6393,0.8233,0.2667,0.111,0.26,0.071,0.66,0.5938,0.5025,0.5556,0.82,Obesity,Obesity,0.82,0.8419666666666679
57,Male,A-,176.2,78.2,25.2,Business / management,Vegan (fully plant-based),3 meals/day (standard),Excellent (>3.5L/day),Occasionally (1–2x/week),4.7,111.3,2965.0,Former smoker (quit 1–5 years ago),Heavy (>7 drinks/week),Light (walking <30 min/day),"Poor (5–6 hrs, unrefreshing)",Moderate (work/family pressures),5.0,3.3,Kidney disease,58.4,104.1,94.0,36.8,96.6,6.27,0.53,13.8,135.9,4.64,0.57,0.504,0.0,0.3333,0.5,1.0,0.5,0.47,0.5565,0.593,0.5,0.75,0.25,0.25,0.5,0.3125,0.4125,0.625,0.115,0.315,0.8,0.3,0.1553,0.209,0.053,0.69,0.4488,0.58,0.6667,0.39,Depression,Depression,0.39,0.3899333333333338
18,Female,AB-,193.2,107.0,28.7,Homemaker,Low-calorie restrictive,1 meal/day (OMAD),Low (1–1.5L/day),Rarely (once a month),2.7,147.7,4282.0,Current light smoker (<10 cigs/day),Binge drinking,Sedentary (no exercise),"Excellent (8–9 hrs, deep restful sleep)",High (chronic workplace/financial stress),13.4,0.4,Multiple conditions,96.5,152.4,95.5,35.9,64.2,6.11,0.8,13.6,138.8,4.62,0.18,0.574,0.5,0.8889,0.0,0.25,0.25,0.27,0.7385,0.8564,0.75,1.0,0.0,1.0,0.75,0.8375,0.05,1.0,0.3531,0.66,0.85,0.15,0.0473,0.2037,0.08,0.68,0.485,0.5775,0.6667,0.23,Depression,Depression,0.23,0.22866666666666585
78,Non-binary,O+,165.5,111.1,40.6,Driver / transport worker,Fast-food dominant,3 meals/day (standard),Good (2.5–3.5L/day),Never,0.5,40.8,3190.0,Former smoker (quit >5 years ago),Binge drinking,Active (300+ min/week mixed),"Fair (6–7 hrs, occasional disruption)",High (chronic workplace/financial stress),8.4,0.4,Hypertension,89.4,133.0,94.9,36.6,134.2,6.17,1.57,13.0,145.5,4.99,0.78,0.812,1.0,0.6667,0.5,0.75,0.0,0.05,0.204,0.638,0.25,1.0,0.75,0.5,0.75,0.525,0.05,0.375,0.3088,0.5214,0.83,0.2667,0.2807,0.2057,0.157,0.65,0.5687,0.6238,0.8889,0.14,Liver Cirrhosis,Liver Cirrhosis,0.14,0.14000000000000043
60,Male,AB-,164.9,106.4,39.1,Homemaker,"Mediterranean (olive oil, fish, vegetables)",1 meal/day (OMAD),Excellent (>3.5L/day),Rarely (once a month),2.3,138.0,3357.0,Former smoker (quit >5 years ago),,Moderate (150 min/week aerobic),"Fair (6–7 hrs, occasional disruption)",High (chronic workplace/financial stress),2.7,3.4,Obesity,78.5,133.7,96.0,37.5,129.9,5.16,0.55,13.4,138.2,3.53,0.6,0.782,0.0,0.1111,0.0,1.0,0.25,0.23,0.69,0.6714,0.25,0.0,0.5,0.5,0.75,0.1688,0.425,0.875,0.2406,0.5264,0.8667,0.4167,0.2663,0.172,0.055,0.67,0.4775,0.4412,0.2222,0.11,Coronary Artery Disease,Coronary Artery Disease,0.11,0.10989999999999962
52,Female,B-,192.5,102.3,27.6,Business / management,Balanced (mixed whole foods),3 meals/day (standard),Low (1–1.5L/day),Daily,8.2,82.0,3154.0,Former smoker (quit 1–5 years ago),Light (1–2 drinks/week),Active (300+ min/week mixed),"Fair (6–7 hrs, occasional disruption)","Severe (burnout, traumatic events)",7.7,2.9,Diabetes,73.3,107.2,96.2,36.2,56.8,2.25,0.3,13.3,149.3,5.0,0.52,0.552,0.5,0.0,0.5,0.25,1.0,0.82,0.41,0.6308,0.5,0.25,0.75,0.5,1.0,0.4813,0.3625,0.125,0.2081,0.3371,0.8733,0.2,0.0227,0.075,0.03,0.665,0.6163,0.625,0.4444,0.12,Chronic Kidney Disease,Chronic Kidney Disease,0.12,0.12006666666666668
44,Male,A+,180.7,104.7,32.1,Driver / transport worker,High-sodium / fried foods,4–5 small meals/day (frequent),Excellent (>3.5L/day),Frequently (3–5x/week),3.8,98.0,3547.0,Never smoked,Moderate (3–7 drinks/week),Sedentary (no exercise),"Fair (6–7 hrs, occasional disruption)",Moderate (work/family pressures),4.0,1.8,Diabetes,83.4,127.9,97.5,36.3,73.0,10.56,0.52,13.5,143.8,4.56,0.44,0.642,0.0,0.7778,0.75,1.0,0.75,0.38,0.49,0.7094,0.0,0.5,0.0,0.5,0.5,0.25,0.225,0.125,0.2713,0.485,0.9167,0.2167,0.0767,0.352,0.052,0.675,0.5475,0.57,0.6667,0.23,Depression,Depression,0.23,0.22973333333333243
23,Male,O+,191.7,102.1,27.8,Driver / transport worker,Traditional regional diet,1 meal/day (OMAD),Adequate (1.5–2.5L/day),Occasionally (1–2x/week),5.6,65.2,2413.0,Former smoker (quit >5 years ago),Moderate (3–7 drinks/week),Active (300+ min/week mixed),"Fair (6–7 hrs, occasional disruption)",Moderate (work/family pressures),6.4,1.1,,80.1,100.3,96.3,36.2,50.0,11.69,1.18,12.7,136.3,3.84,0.23,0.556,0.0,1.0,0.0,0.5,0.5,0.56,0.326,0.4826,0.25,0.5,0.75,0.5,0.5,0.4,0.1375,0.0,0.2506,0.2879,0.8767,0.2,0.0,0.3897,0.118,0.635,0.4538,0.48,0.7778,0.12,Asthma,Asthma,0.12,0.12
74,Female,A+,157.7,89.7,36.1,Office/desk worker,Low-calorie restrictive,3 meals/day (standard),Excellent (>3.5L/day),Occasionally (1–2x/week),1.9,43.2,3286.0,Former smoker (quit 1–5 years ago),Moderate (3–7 drinks/week),Light (walking <30 min/day),"Fair (6–7 hrs, occasional disruption)",Moderate (work/family pressures),11.8,1.9,Hypertension,80.7,123.2,96.5,36.9,135.1,12.18,1.37,16.5,140.7,4.1,0.74,0.722,0.5,0.8889,0.5,1.0,0.5,0.19,0.216,0.6572,0.5,0.5,0.25,0.5,0.5,0.7375,0.2375,0.375,0.2544,0.4514,0.8833,0.3167,0.2837,0.406,0.137,0.825,0.5087,0.5125,0.1111,0.47,Hypertension,Hypertension,0.47,0.46823333333333295
42,Non-binary,AB-,191.1,72.0,19.7,Healthcare professional,Low-calorie restrictive,3 meals/day (standard),Adequate (1.5–2.5L/day),Occasionally (1–2x/week),0.1,150.3,4786.0,Current light smoker (<10 cigs/day),Moderate (3–7 drinks/week),Moderate (150 min/week aerobic),"Poor (5–6 hrs, unrefreshing)","Severe (burnout, traumatic events)",1.8,1.3,Hypertension,83.6,114.4,94.2,37.6,90.1,8.94,0.92,14.5,141.3,4.13,0.42,0.394,1.0,0.8889,0.5,0.5,0.5,0.01,0.7515,0.9572,0.75,0.5,0.5,0.25,1.0,0.1125,0.1625,0.375,0.2725,0.3886,0.8067,0.4333,0.1337,0.298,0.092,0.725,0.5163,0.5162,0.7778,0.12,Asthma,Asthma,0.12,0.12006666666666668
34,Male,O-,160.3,123.9,48.2,IT / technology worker,"Mediterranean (olive oil, fish, vegetables)",4–5 small meals/day (frequent),Excellent (>3.5L/day),Daily,3.8,110.5,1105.0,Former smoker (quit >5 years ago),Moderate (3–7 drinks/week),Athlete (daily intense training),"Fair (6–7 hrs, occasional disruption)",Low (manageable daily stressors),7.9,2.7,Multiple conditions,68.4,107.8,95.9,36.7,86.1,7.1,1.94,16.0,141.4,4.09,0.34,0.964,0.0,0.1111,0.75,1.0,1.0,0.38,0.5525,0.221,0.25,0.5,1.0,0.5,0.25,0.4938,0.3375,1.0,0.1775,0.3414,0.8633,0.2833,0.1203,0.2367,0.194,0.8,0.5175,0.5112,0.4444,0.29,Chronic Kidney Disease,Chronic Kidney Disease,0.29,0.2895000000000009
24,Non-binary,A-,164.6,90.6,33.4,IT / technology worker,"Vegetarian (plant-based, dairy/eggs allowed)",3 meals/day (standard),Very low (<1L/day),Never,0.5,180.2,1716.0,Current light smoker (<10 cigs/day),Moderate (3–7 drinks/week),Sedentary (no exercise),"Very poor (<5 hrs, frequent waking)",Moderate (work/family pressures),13.1,2.5,Hypertension,75.5,127.3,93.0,36.1,119.1,1.0,1.1,12.6,145.2,3.85,0.24,0.668,1.0,0.2222,0.5,0.0,0.0,0.05,0.901,0.3432,0.75,0.5,0.0,0.0,0.5,0.8187,0.3125,0.375,0.2219,0.4807,0.7667,0.1833,0.2303,0.0333,0.11,0.63,0.565,0.4813,0.3333,0.24,COPD,COPD,0.24,0.2402666666666666
32,Female,AB+,190.5,82.2,22.7,Retired,"Keto (very low carb, high fat)",3 meals/day (standard),Excellent (>3.5L/day),Occasionally (1–2x/week),6.4,163.0,1233.0,Never smoked,,Active (300+ min/week mixed),"Poor (5–6 hrs, unrefreshing)",Moderate (work/family pressures),12.0,4.5,Heart disease,66.2,112.9,98.5,37.2,116.9,8.57,1.53,12.3,143.7,4.55,0.32,0.454,0.5,0.4444,0.5,1.0,0.5,0.64,0.815,0.2466,0.0,0.0,0.75,0.25,0.5,0.75,0.5625,0.25,0.1638,0.3779,0.95,0.3667,0.223,0.2857,0.153,0.615,0.5462,0.5687,1.0,0.18,Anemia,Anemia,0.18,0.18016666666666642
67,Male,AB+,169.0,122.2,42.8,Retired,Fast-food dominant,4–5 small meals/day (frequent),Good (2.5–3.5L/day),Never,7.6,36.3,1871.0,Former smoker (quit 1–5 years ago),Moderate (3–7 drinks/week),Active (300+ min/week mixed),"Excellent (8–9 hrs, deep restful sleep)",High (chronic workplace/financial stress),11.1,3.6,Multiple conditions,80.2,119.1,95.2,37.6,105.0,9.69,0.3,16.0,131.8,5.32,0.67,0.856,0.0,0.6667,0.75,0.75,0.0,0.76,0.1815,0.3742,0.5,0.5,0.75,1.0,0.75,0.6937,0.45,1.0,0.2513,0.4221,0.84,0.4333,0.1833,0.323,0.03,0.8,0.3975,0.665,0.5556,0.77,Obesity,Obesity,0.77,0.7628999999999991
53,Male,A-,182.7,63.7,19.1,Office/desk worker,"Vegetarian (plant-based, dairy/eggs allowed)",Irregular / skips meals often,Adequate (1.5–2.5L/day),Frequently (3–5x/week),5.4,88.7,4462.0,Former smoker (quit 1–5 years ago),Light (1–2 drinks/week),Athlete (daily intense training),"Fair (6–7 hrs, occasional disruption)","Severe (burnout, traumatic events)",9.0,3.2,Heart disease,82.9,144.1,95.0,36.8,65.6,8.75,1.18,11.5,144.8,4.15,0.53,0.382,0.0,0.2222,1.0,0.5,0.75,0.54,0.4435,0.8924,0.5,0.25,1.0,0.5,1.0,0.5625,0.4,0.25,0.2681,0.6007,0.8333,0.3,0.052,0.2917,0.118,0.575,0.56,0.5188,0.1111,0.29,Hypertension,Hypertension,0.29,0.2898333333333342
60,Male,A+,182.7,80.9,24.2,Teacher / academic,Traditional regional diet,Irregular / skips meals often,Good (2.5–3.5L/day),Occasionally (1–2x/week),0.8,25.9,4601.0,Never smoked,Light (1–2 drinks/week),Active (300+ min/week mixed),"Excellent (8–9 hrs, deep restful sleep)",Moderate (work/family pressures),3.2,4.4,Kidney disease,88.8,132.1,96.9,36.8,52.5,7.47,0.46,12.8,143.7,4.23,0.6,0.484,0.0,1.0,1.0,0.75,0.5,0.08,0.1295,0.9202,0.0,0.25,0.75,1.0,0.5,0.2,0.55,0.625,0.305,0.515,0.8967,0.3,0.0083,0.249,0.046,0.64,0.5462,0.5288,0.1111,0.42,Hypertension,Hypertension,0.42,0.4193333333333344
56,Male,B+,193.5,110.2,29.4,"Manual laborer (construction, farming)","Keto (very low carb, high fat)",4–5 small meals/day (frequent),Low (1–1.5L/day),Frequently (3–5x/week),3.0,56.9,3619.0,Former smoker (quit >5 years ago),Heavy (>7 drinks/week),Light (walking <30 min/day),"Poor (5–6 hrs, unrefreshing)","Severe (burnout, traumatic events)",4.1,0.3,Obesity,76.4,110.1,93.9,36.9,65.3,9.75,0.69,11.9,137.8,4.64,0.56,0.588,0.0,0.4444,0.75,0.25,0.75,0.3,0.2845,0.7238,0.25,0.75,0.25,0.25,1.0,0.2562,0.0375,0.875,0.2275,0.3579,0.7967,0.3167,0.051,0.325,0.069,0.595,0.4725,0.58,0.2222,0.14,Coronary Artery Disease,Coronary Artery Disease,0.14,0.14000000000000043
24,Male,AB-,165.7,54.7,19.9,Office/desk worker,Traditional regional diet,2 meals/day,Very low (<1L/day),Frequently (3–5x/week),6.3,165.1,3777.0,Current heavy smoker (>10 cigs/day),Moderate (3–7 drinks/week),Light (walking <30 min/day),"Poor (5–6 hrs, unrefreshing)",High (chronic workplace/financial stress),9.2,1.4,,83.0,125.2,95.9,36.5,101.8,7.58,0.89,15.6,133.0,3.76,0.24,0.398,0.0,1.0,0.25,0.0,0.75,0.63,0.8255,0.7554,1.0,0.5,0.25,0.25,0.75,0.575,0.175,0.0,0.2687,0.4657,0.8633,0.25,0.1727,0.2527,0.089,0.78,0.4125,0.47,0.2222,0.15,Coronary Artery Disease,Coronary Artery Disease,0.15,0.14999999999999916
78,Non-binary,AB-,153.1,110.7,47.2,Factory / industrial worker,Fast-food dominant,2 meals/day,Good (2.5–3.5L/day),Never,6.5,115.5,1954.0,Current heavy smoker (>10 cigs/day),Binge drinking,Active (300+ min/week mixed),"Very poor (<5 hrs, frequent waking)","Severe (burnout, traumatic events)",8.4,3.3,Hypertension,82.5,109.7,96.8,37.0,122.8,4.6,0.78,13.2,137.4,4.39,0.78,0.944,1.0,0.6667,0.25,0.75,0.0,0.65,0.5775,0.3908,1.0,1.0,0.75,0.0,1.0,0.525,0.4125,0.375,0.2656,0.355,0.8933,0.3333,0.2427,0.1533,0.078,0.66,0.4675,0.5487,0.5556,0.94,Obesity,Obesity,0.94,0.8365000000000015
77,Female,A-,164.9,89.7,33.0,Homemaker,"Keto (very low carb, high fat)",Irregular / skips meals often,Excellent (>3.5L/day),Never,7.7,165.5,2923.0,Never smoked,Light (1–2 drinks/week),Light (walking <30 min/day),"Very poor (<5 hrs, frequent waking)",Moderate (work/family pressures),4.4,4.0,Multiple conditions,82.3,86.5,97.2,37.4,105.5,6.25,1.44,15.3,145.2,4.54,0.77,0.66,0.5,0.4444,1.0,1.0,0.0,0.77,0.8275,0.5846,0.0,0.25,0.25,0.0,0.5,0.275,0.5,1.0,0.2644,0.1893,0.9067,0.4,0.185,0.2083,0.144,0.765,0.565,0.5675,0.4444,0.32,Chronic Kidney Disease,Chronic Kidney Disease,0.32,0.32039999999999824
36,Non-binary,A-,163.8,48.3,18.0,Factory / industrial worker,"Vegetarian (plant-based, dairy/eggs allowed)",1 meal/day (OMAD),Good (2.5–3.5L/day),Frequently (3–5x/week),1.0,33.8,926.0,Never smoked,Heavy (>7 drinks/week),Athlete (daily intense training),"Good (7–8 hrs, mostly restful)","Severe (burnout, traumatic events)",1.1,3.8,Hypertension,71.7,122.9,99.1,37.0,62.5,1.4,0.76,14.9,138.6,4.5,0.36,0.36,1.0,0.2222,0.0,0.75,0.75,0.1,0.169,0.1852,0.0,0.75,1.0,0.75,1.0,0.0688,0.475,0.375,0.1981,0.4493,0.97,0.3333,0.0417,0.0467,0.076,0.745,0.4825,0.5625,0.6667,0.47,Depression,Depression,0.47,0.4687999999999998
62,Non-binary,O+,181.8,69.2,20.9,Unemployed,"Keto (very low carb, high fat)",2 meals/day,Good (2.5–3.5L/day),Rarely (once a month),8.0,95.3,1348.0,Former smoker (quit 1–5 years ago),Binge drinking,Light (walking <30 min/day),"Excellent (8–9 hrs, deep restful sleep)","Severe (burnout, traumatic events)",0.6,4.3,Mental illness,84.7,106.9,91.7,37.3,91.2,8.7,1.12,14.1,138.1,4.0,0.62,0.418,1.0,0.4444,0.25,0.75,0.25,0.8,0.4765,0.2696,0.5,1.0,0.25,1.0,1.0,0.0375,0.5375,0.75,0.2794,0.335,0.7233,0.3833,0.1373,0.29,0.112,0.705,0.4762,0.5,1.0,0.14,Anemia,Anemia,0.14,0.14000000000000043
80,Female,A-,184.1,115.8,34.2,Teacher / academic,"Mediterranean (olive oil, fish, vegetables)",1 meal/day (OMAD),Excellent (>3.5L/day),Rarely (once a month),4.3,113.3,4115.0,Former smoker (quit 1–5 years ago),Heavy (>7 drinks/week),Athlete (daily intense training),"Good (7–8 hrs, mostly restful)",Minimal (relaxed lifestyle),7.0,1.7,Heart disease,42.9,136.4,97.1,36.3,71.3,6.93,0.62,13.9,134.4,4.51,0.8,0.684,0.5,0.1111,0.0,1.0,0.25,0.43,0.5665,0.823,0.5,0.75,1.0,0.75,0.0,0.4375,0.2125,0.25,0.0181,0.5457,0.9033,0.2167,0.071,0.231,0.062,0.695,0.43,0.5637,0.1111,0.35,Hypertension,Hypertension,0.35,0.3502999999999986
64,Non-binary,AB+,167.5,122.2,43.6,Student,High-sodium / fried foods,1 meal/day (OMAD),Adequate (1.5–2.5L/day),Occasionally (1–2x/week),2.1,40.7,3300.0,Current heavy smoker (>10 cigs/day),Binge drinking,Athlete (daily intense training),"Very poor (<5 hrs, frequent waking)",Low (manageable daily stressors),3.9,0.7,,50.1,144.6,95.6,36.3,100.5,8.62,0.5,12.2,138.6,3.39,0.64,0.872,1.0,0.7778,0.0,0.5,0.5,0.21,0.2035,0.66,1.0,1.0,1.0,0.0,0.25,0.2437,0.0875,0.0,0.0631,0.6043,0.8533,0.2167,0.1683,0.2873,0.05,0.61,0.4825,0.4238,0.7778,0.08,Asthma,Asthma,0.08,0.07986666666666614
51,Female,O+,170.9,80.0,27.4,Business / management,"Vegetarian (plant-based, dairy/eggs allowed)",4–5 small meals/day (frequent),Low (1–1.5L/day),Frequently (3–5x/week),1.1,25.5,1340.0,Current light smoker (<10 cigs/day),,Sedentary (no exercise),"Very poor (<5 hrs, frequent waking)","Severe (burnout, traumatic events)",5.9,5.0,Obesity,86.3,127.6,93.2,37.5,50.0,3.96,0.41,12.8,139.0,3.35,0.51,0.548,0.5,0.2222,0.75,0.25,0.75,0.11,0.1275,0.268,0.75,0.0,0.0,0.0,1.0,0.3688,0.625,0.875,0.2894,0.4829,0.7733,0.4167,0.0,0.132,0.041,0.64,0.4875,0.4188,0.6667,0.32,Depression,Depression,0.32,0.3206666666666652
41,Female,O+,174.3,55.2,18.2,IT / technology worker,Low-calorie restrictive,Irregular / skips meals often,Adequate (1.5–2.5L/day),Daily,8.0,36.4,2716.0,Current heavy smoker (>10 cigs/day),Light (1–2 drinks/week),Athlete (daily intense training),"Excellent (8–9 hrs, deep restful sleep)","Severe (burnout, traumatic events)",3.5,3.4,Diabetes,52.1,116.6,94.3,35.7,75.4,10.42,0.77,13.2,144.2,4.5,0.41,0.364,0.5,0.8889,1.0,0.5,1.0,0.8,0.182,0.5432,1.0,0.25,1.0,1.0,1.0,0.2188,0.425,0.125,0.0756,0.4043,0.81,0.1167,0.0847,0.3473,0.077,0.66,0.5525,0.5625,0.3333,0.12,COPD,COPD,0.12,0.12006666666666668
84,Female,O-,188.2,118.7,33.5,Teacher / academic,High-sugar / high-processed,3 meals/day (standard),Low (1–1.5L/day),Daily,0.1,50.9,2296.0,Current heavy smoker (>10 cigs/day),,Moderate (150 min/week aerobic),"Excellent (8–9 hrs, deep restful sleep)",Moderate (work/family pressures),2.9,0.5,Multiple conditions,96.3,147.4,96.6,37.0,118.1,7.34,2.51,14.0,136.5,4.3,0.84,0.67,0.5,0.5556,0.5,0.25,1.0,0.01,0.2545,0.4592,1.0,0.0,0.5,1.0,0.5,0.1812,0.0625,1.0,0.3519,0.6243,0.8867,0.3333,0.227,0.2447,0.251,0.7,0.4562,0.5375,0.0,0.43,Type 2 Diabetes,Type 2 Diabetes,0.43,0.43113333333333553
38,Non-binary,O-,180.9,131.3,40.1,IT / technology worker,Balanced (mixed whole foods),2 meals/day,Adequate (1.5–2.5L/day),Occasionally (1–2x/week),0.1,147.3,3336.0,Current light smoker (<10 cigs/day),Moderate (3–7 drinks/week),Light (walking <30 min/day),"Poor (5–6 hrs, unrefreshing)",High (chronic workplace/financial stress),2.3,4.1,Kidney disease,109.1,123.7,95.7,37.4,101.9,6.51,0.71,13.0,141.7,4.19,0.38,0.802,1.0,0.0,0.25,0.5,0.5,0.01,0.7365,0.6672,0.75,0.5,0.25,0.25,0.75,0.1437,0.5125,0.625,0.4319,0.455,0.8567,0.4,0.173,0.217,0.071,0.65,0.5212,0.5238,0.1111,0.44,Hypertension,Hypertension,0.44,0.44229999999999914
72,Male,AB+,161.9,133.3,50.9,IT / technology worker,"Mediterranean (olive oil, fish, vegetables)",2 meals/day,Adequate (1.5–2.5L/day),Rarely (once a month),0.5,117.6,4027.0,Current light smoker (<10 cigs/day),,Sedentary (no exercise),"Fair (6–7 hrs, occasional disruption)",Moderate (work/family pressures),4.0,3.3,Hypertension,72.1,144.0,96.1,36.4,121.9,5.64,0.74,11.8,145.2,4.42,0.72,1.0,0.0,0.1111,0.25,0.5,0.25,0.05,0.588,0.8054,0.75,0.0,0.0,0.5,0.5,0.25,0.4125,0.375,0.2006,0.6,0.87,0.2333,0.2397,0.188,0.074,0.59,0.565,0.5525,1.0,0.06,Anemia,Anemia,0.06,0.058233333333333435
84,Male,O+,179.7,116.9,36.2,"Manual laborer (construction, farming)","Mediterranean (olive oil, fish, vegetables)",1 meal/day (OMAD),Good (2.5–3.5L/day),Occasionally (1–2x/week),4.4,42.0,3766.0,Former smoker (quit >5 years ago),Heavy (>7 drinks/week),Light (walking <30 min/day),"Fair (6–7 hrs, occasional disruption)",Low (manageable daily stressors),2.0,3.6,Multiple conditions,78.4,173.8,96.5,37.1,133.1,12.14,0.63,12.1,142.7,4.1,0.84,0.724,0.0,0.1111,0.0,0.75,0.5,0.44,0.21,0.7532,0.25,0.75,0.25,0.5,0.25,0.125,0.45,1.0,0.24,0.8129,0.8833,0.35,0.277,0.4047,0.063,0.605,0.5337,0.5125,0.8889,0.32,Liver Cirrhosis,Liver Cirrhosis,0.32,0.32063333333333166
84,Male,AB+,170.3,77.6,26.8,Office/desk worker,Traditional regional diet,1 meal/day (OMAD),Adequate (1.5–2.5L/day),Rarely (once a month),8.7,183.0,2430.0,Never smoked,Binge drinking,Light (walking <30 min/day),"Fair (6–7 hrs, occasional disruption)",High (chronic workplace/financial stress),11.7,2.5,Kidney disease,89.3,122.4,93.5,36.6,105.0,7.87,1.07,12.8,135.8,4.09,0.84,0.536,0.0,1.0,0.0,0.5,0.25,0.87,0.915,0.486,0.0,1.0,0.25,0.5,0.75,0.7312,0.3125,0.625,0.3081,0.4457,0.7833,0.2667,0.1833,0.2623,0.107,0.64,0.4475,0.5112,0.8889,0.17,Liver Cirrhosis,Liver Cirrhosis,0.17,0.17003333333333445
60,Non-binary,A+,161.1,88.7,34.2,Retired,Vegan (fully plant-based),2 meals/day,Good (2.5–3.5L/day),Daily,8.8,31.5,2044.0,Former smoker (quit >5 years ago),Light (1–2 drinks/week),Sedentary (no exercise),"Very poor (<5 hrs, frequent waking)",High (chronic workplace/financial stress),8.1,2.1,Cancer,89.7,130.9,93.9,36.2,114.6,6.17,1.07,11.1,139.0,4.46,0.6,0.684,1.0,0.3333,0.25,0.75,1.0,0.88,0.1575,0.4088,0.25,0.25,0.0,0.0,0.75,0.5062,0.2625,0.5,0.3106,0.5064,0.7967,0.2,0.2153,0.2057,0.107,0.555,0.4875,0.5575,0.3333,0.28,COPD,COPD,0.28,0.28020000000000067
32,Non-binary,B+,181.9,61.4,18.6,"Manual laborer (construction, farming)",High-sodium / fried foods,1 meal/day (OMAD),Low (1–1.5L/day),Daily,4.1,151.1,3273.0,Current heavy smoker (>10 cigs/day),Moderate (3–7 drinks/week),Moderate (150 min/week aerobic),"Very poor (<5 hrs, frequent waking)",Low (manageable daily stressors),4.6,2.9,Multiple conditions,87.8,129.0,97.6,36.7,93.7,12.38,2.04,13.6,140.6,4.64,0.32,0.372,1.0,0.7778,0.0,0.25,1.0,0.41,0.7555,0.6546,1.0,0.5,0.5,0.0,0.25,0.2875,0.3625,1.0,0.2987,0.4929,0.92,0.2833,0.1457,0.4127,0.204,0.68,0.5075,0.58,0.3333,0.12,COPD,COPD,0.12,0.12
68,Non-binary,B+,182.7,98.9,29.6,Driver / transport worker,High-sodium / fried foods,Irregular / skips meals often,Very low (<1L/day),Occasionally (1–2x/week),4.6,12.2,3943.0,Former smoker (quit >5 years ago),Moderate (3–7 drinks/week),Moderate (150 min/week aerobic),"Fair (6–7 hrs, occasional disruption)","Severe (burnout, traumatic events)",12.5,2.0,,85.9,134.9,94.1,37.5,55.9,2.21,0.3,13.6,140.1,4.04,0.68,0.592,1.0,0.7778,1.0,0.0,0.5,0.46,0.061,0.7886,0.25,0.5,0.5,0.5,1.0,0.7812,0.25,0.0,0.2869,0.535,0.8033,0.4167,0.0197,0.0737,0.03,0.68,0.5012,0.505,0.6667,0.41,Depression,Depression,0.41,0.41026666666666484
76,Non-binary,O-,182.3,49.5,14.9,Office/desk worker,"Vegetarian (plant-based, dairy/eggs allowed)",1 meal/day (OMAD),Adequate (1.5–2.5L/day),Occasionally (1–2x/week),0.6,178.0,4535.0,Former smoker (quit 1–5 years ago),Moderate (3–7 drinks/week),Active (300+ min/week mixed),"Good (7–8 hrs, mostly restful)",Moderate (work/family pressures),1.4,3.7,Heart disease,88.4,114.7,96.9,37.0,93.4,5.39,0.33,15.1,140.7,4.67,0.76,0.298,1.0,0.2222,0.0,0.5,0.5,0.06,0.89,0.907,0.5,0.5,0.75,0.75,0.5,0.0875,0.4625,0.25,0.3025,0.3907,0.8967,0.3333,0.1447,0.1797,0.033,0.755,0.5087,0.5837,0.4444,0.15,Chronic Kidney Disease,Chronic Kidney Disease,0.15,0.14999999999999916
23,Non-binary,A+,169.7,126.6,44.0,Unemployed,"Vegetarian (plant-based, dairy/eggs allowed)",1 meal/day (OMAD),Adequate (1.5–2.5L/day),Daily,6.9,151.5,1138.0,Current heavy smoker (>10 cigs/day),Moderate (3–7 drinks/week),Moderate (150 min/week aerobic),"Poor (5–6 hrs, unrefreshing)",Minimal (relaxed lifestyle),9.2,4.1,Multiple conditions,80.6,129.5,96.8,37.2,103.8,7.04,0.66,15.7,139.4,3.89,0.23,0.88,1.0,0.2222,0.0,0.5,1.0,0.69,0.7575,0.2276,1.0,0.5,0.5,0.25,0.0,0.575,0.5125,1.0,0.2537,0.4964,0.8933,0.3667,0.1793,0.2347,0.066,0.785,0.4925,0.4863,0.1111,0.53,Hypertension,Hypertension,0.53,0.5287666666666673
36,Non-binary,AB+,189.3,109.5,30.6,Teacher / academic,Balanced (mixed whole foods),2 meals/day,Adequate (1.5–2.5L/day),Never,6.6,158.9,3093.0,Former smoker (quit >5 years ago),Binge drinking,Moderate (150 min/week aerobic),"Poor (5–6 hrs, unrefreshing)",Low (manageable daily stressors),6.5,4.3,,71.6,152.9,95.2,37.4,157.7,6.06,0.99,16.8,133.9,4.61,0.36,0.612,1.0,0.0,0.25,0.5,0.0,0.66,0.7945,0.6186,0.25,1.0,0.5,0.25,0.25,0.4062,0.5375,0.0,0.1975,0.6636,0.84,0.4,0.359,0.202,0.099,0.84,0.4238,0.5763,0.8889,0.13,Liver Cirrhosis,Liver Cirrhosis,0.13,0.13003333333333353
53,Non-binary,A-,179.7,55.0,17.0,Unemployed,Balanced (mixed whole foods),2 meals/day,Low (1–1.5L/day),Daily,8.9,64.5,1533.0,Never smoked,Heavy (>7 drinks/week),Sedentary (no exercise),"Good (7–8 hrs, mostly restful)",Low (manageable daily stressors),8.7,3.9,Multiple conditions,85.3,134.1,96.5,37.1,78.7,11.45,1.22,15.2,131.3,4.06,0.53,0.34,1.0,0.0,0.25,0.25,1.0,0.89,0.3225,0.3066,0.0,0.75,0.0,0.75,0.25,0.5437,0.4875,1.0,0.2831,0.5293,0.8833,0.35,0.0957,0.3817,0.122,0.76,0.3913,0.5075,0.1111,0.57,Hypertension,Hypertension,0.57,0.5754333333333325
27,Non-binary,B-,190.3,59.8,16.5,IT / technology worker,Traditional regional diet,4–5 small meals/day (frequent),Excellent (>3.5L/day),Frequently (3–5x/week),8.2,78.5,3622.0,Never smoked,Heavy (>7 drinks/week),Athlete (daily intense training),"Good (7–8 hrs, mostly restful)",Low (manageable daily stressors),9.7,0.3,Multiple conditions,51.7,117.7,99.7,37.2,75.2,7.23,0.95,13.6,141.9,5.37,0.27,0.33,1.0,1.0,0.75,1.0,0.75,0.82,0.3925,0.7244,0.0,0.75,1.0,0.75,0.25,0.6062,0.0375,1.0,0.0731,0.4121,0.99,0.3667,0.084,0.241,0.095,0.68,0.5238,0.6713,0.1111,0.59,Hypertension,Hypertension,0.59,0.5911333333333356
77,Female,B+,169.3,86.0,30.0,Office/desk worker,"Vegetarian (plant-based, dairy/eggs allowed)",3 meals/day (standard),Low (1–1.5L/day),Daily,8.6,17.3,3564.0,Former smoker (quit 1–5 years ago),Light (1–2 drinks/week),Moderate (150 min/week aerobic),"Excellent (8–9 hrs, deep restful sleep)",Low (manageable daily stressors),13.1,4.2,,79.2,164.4,95.1,36.5,74.7,6.87,0.81,15.1,133.1,4.53,0.77,0.6,0.5,0.2222,0.5,0.25,1.0,0.86,0.0865,0.7128,0.5,0.25,0.5,1.0,0.25,0.8187,0.525,0.0,0.245,0.7457,0.8367,0.25,0.0823,0.229,0.081,0.755,0.4137,0.5663,0.1111,0.36,Hypertension,Hypertension,0.36,0.3600333333333329
35,Male,A+,188.7,53.1,14.9,Homemaker,High-sugar / high-processed,2 meals/day,Very low (<1L/day),Rarely (once a month),3.4,127.2,2659.0,Current heavy smoker (>10 cigs/day),Binge drinking,Sedentary (no exercise),"Excellent (8–9 hrs, deep restful sleep)",Minimal (relaxed lifestyle),13.8,0.4,Cancer,80.8,133.7,94.6,37.0,114.5,8.23,0.71,10.7,138.3,4.42,0.35,0.298,0.0,0.5556,0.25,0.0,0.25,0.34,0.636,0.5318,1.0,1.0,0.0,1.0,0.0,0.8625,0.05,0.5,0.255,0.5264,0.82,0.3333,0.215,0.2743,0.071,0.535,0.4788,0.5525,0.3333,0.08,COPD,COPD,0.08,0.07986666666666614
26,Female,B-,191.9,59.2,16.1,IT / technology worker,"Keto (very low carb, high fat)",2 meals/day,Good (2.5–3.5L/day),Frequently (3–5x/week),8.7,20.4,4476.0,Former smoker (quit >5 years ago),Moderate (3–7 drinks/week),Active (300+ min/week mixed),"Good (7–8 hrs, mostly restful)","Severe (burnout, traumatic events)",7.7,3.4,Diabetes,94.7,127.2,95.2,36.9,64.5,11.44,0.97,13.7,138.6,3.66,0.26,0.322,0.5,0.4444,0.25,0.75,0.75,0.87,0.102,0.8952,0.25,0.5,0.75,0.75,1.0,0.4813,0.425,0.125,0.3419,0.48,0.84,0.3167,0.0483,0.3813,0.097,0.685,0.4825,0.4575,0.6667,0.49,Depression,Depression,0.49,0.4895333333333327
26,Male,O-,169.8,73.1,25.4,Factory / industrial worker,Traditional regional diet,1 meal/day (OMAD),Good (2.5–3.5L/day),Frequently (3–5x/week),8.2,185.8,3331.0,Never smoked,Binge drinking,Active (300+ min/week mixed),"Very poor (<5 hrs, frequent waking)",Low (manageable daily stressors),0.6,4.9,Hypertension,73.7,101.6,98.1,36.1,85.4,8.93,1.45,12.1,140.1,4.19,0.26,0.508,0.0,1.0,0.0,0.75,0.75,0.82,0.929,0.6662,0.0,1.0,0.75,0.0,0.25,0.0375,0.6125,0.375,0.2106,0.2971,0.9367,0.1833,0.118,0.2977,0.145,0.605,0.5012,0.5238,1.0,0.18,Anemia,Anemia,0.18,0.18033333333333307
64,Female,A-,169.8,113.2,39.3,Healthcare professional,Balanced (mixed whole foods),3 meals/day (standard),Good (2.5–3.5L/day),Rarely (once a month),0.0,134.2,3571.0,Former smoker (quit >5 years ago),Binge drinking,Active (300+ min/week mixed),"Very poor (<5 hrs, frequent waking)","Severe (burnout, traumatic events)",13.3,3.2,Mental illness,63.0,115.1,91.8,36.8,89.6,5.79,0.34,15.1,139.6,5.15,0.64,0.786,0.5,0.0,0.5,0.75,0.25,0.0,0.671,0.7142,0.25,1.0,0.75,0.0,1.0,0.8313,0.4,0.75,0.1437,0.3936,0.7267,0.3,0.132,0.193,0.034,0.755,0.495,0.6438,0.2222,0.12,Coronary Artery Disease,Coronary Artery Disease,0.12,0.12003333333333333
77,Non-binary,A-,183.0,115.0,34.3,Driver / transport worker,"Mediterranean (olive oil, fish, vegetables)",3 meals/day (standard),Low (1–1.5L/day),Rarely (once a month),0.8,85.4,985.0,Current light smoker (<10 cigs/day),,Athlete (daily intense training),"Very poor (<5 hrs, frequent waking)",Minimal (relaxed lifestyle),13.6,1.9,Heart disease,46.8,119.7,92.9,36.9,110.5,6.95,1.19,11.9,142.7,4.0,0.77,0.686,1.0,0.1111,0.5,0.25,0.25,0.08,0.427,0.197,0.75,0.0,1.0,0.0,0.0,0.85,0.2375,0.25,0.0425,0.4264,0.7633,0.3167,0.2017,0.2317,0.119,0.595,0.5337,0.5,0.2222,0.14,Coronary Artery Disease,Coronary Artery Disease,0.14,0.14000000000000043
27,Non-binary,AB+,170.2,46.5,16.1,IT / technology worker,Balanced (mixed whole foods),Irregular / skips meals often,Adequate (1.5–2.5L/day),Frequently (3–5x/week),7.8,173.2,2017.0,Never smoked,Heavy (>7 drinks/week),Sedentary (no exercise),"Good (7–8 hrs, mostly restful)",High (chronic workplace/financial stress),3.5,0.6,Heart disease,88.8,107.4,97.7,37.3,70.8,5.92,1.53,14.2,131.8,3.49,0.27,0.322,1.0,0.0,1.0,0.5,0.75,0.78,0.866,0.4034,0.0,0.75,0.0,0.75,0.75,0.2188,0.075,0.25,0.305,0.3386,0.9233,0.3833,0.0693,0.1973,0.153,0.71,0.3975,0.4363,0.5556,0.11,Obesity,Obesity,0.11,0.10979999999999962
62,Non-binary,O+,169.1,82.3,28.8,Homemaker,High-sodium / fried foods,3 meals/day (standard),Low (1–1.5L/day),Daily,6.4,74.7,2160.0,Current heavy smoker (>10 cigs/day),Moderate (3–7 drinks/week),Sedentary (no exercise),"Very poor (<5 hrs, frequent waking)","Severe (burnout, traumatic events)",11.5,3.3,Cancer,83.3,148.6,97.9,36.1,51.4,9.44,0.97,15.1,137.9,4.52,0.62,0.576,1.0,0.7778,0.5,0.25,1.0,0.64,0.3735,0.432,1.0,0.5,0.0,0.0,1.0,0.7188,0.4125,0.5,0.2706,0.6329,0.93,0.1833,0.0047,0.3147,0.097,0.755,0.4738,0.565,0.2222,0.15,Coronary Artery Disease,Coronary Artery Disease,0.15,0.14999999999999916
69,Male,B+,177.3,107.6,34.2,IT / technology worker,Low-calorie restrictive,Irregular / skips meals often,Very low (<1L/day),Occasionally (1–2x/week),6.4,111.4,2682.0,Former smoker (quit >5 years ago),Moderate (3–7 drinks/week),Sedentary (no exercise),"Fair (6–7 hrs, occasional disruption)",Low (manageable daily stressors),12.2,0.2,Obesity,95.5,115.4,90.6,36.5,73.8,8.53,0.77,17.8,133.0,4.2,0.69,0.684,0.0,0.8889,1.0,0.0,0.5,0.64,0.557,0.5364,0.25,0.5,0.0,0.5,0.25,0.7625,0.025,0.875,0.3469,0.3957,0.6867,0.25,0.0793,0.2843,0.077,0.89,0.4125,0.525,1.0,0.12,Anemia,Anemia,0.12,0.12003333333333333
35,Female,O+,173.7,85.3,28.3,IT / technology worker,Fast-food dominant,1 meal/day (OMAD),Adequate (1.5–2.5L/day),Rarely (once a month),2.0,50.1,3120.0,Never smoked,Binge drinking,Moderate (150 min/week aerobic),"Very poor (<5 hrs, frequent waking)",Low (manageable daily stressors),8.0,4.9,Hypertension,72.9,128.0,95.6,37.2,139.6,10.67,1.45,15.8,139.6,3.67,0.35,0.566,0.5,0.6667,0.0,0.5,0.25,0.2,0.2505,0.624,0.0,1.0,0.5,0.0,0.25,0.5,0.6125,0.375,0.2056,0.4857,0.8533,0.3667,0.2987,0.3557,0.145,0.79,0.495,0.4587,0.2222,0.09,Coronary Artery Disease,Coronary Artery Disease,0.09,0.09006666666666654
76,Female,O-,186.1,71.2,20.6,IT / technology worker,Low-calorie restrictive,3 meals/day (standard),Very low (<1L/day),Never,3.4,106.3,2955.0,Former smoker (quit 1–5 years ago),Light (1–2 drinks/week),Light (walking <30 min/day),"Good (7–8 hrs, mostly restful)",Low (manageable daily stressors),11.3,0.4,Multiple conditions,62.9,135.3,93.9,36.7,60.8,10.14,1.34,13.8,139.8,3.76,0.76,0.412,0.5,0.8889,0.5,0.0,0.0,0.34,0.5315,0.591,0.5,0.25,0.25,0.75,0.25,0.7063,0.05,1.0,0.1431,0.5379,0.7967,0.2833,0.036,0.338,0.134,0.69,0.4975,0.47,0.5556,0.09,Obesity,Obesity,0.09,0.09009999999999987
25,Female,AB+,174.0,45.2,14.9,Factory / industrial worker,High-sugar / high-processed,2 meals/day,Adequate (1.5–2.5L/day),Never,3.9,97.5,3277.0,Never smoked,Moderate (3–7 drinks/week),Moderate (150 min/week aerobic),"Very poor (<5 hrs, frequent waking)",Low (manageable daily stressors),6.7,0.4,Obesity,70.7,101.7,97.2,36.2,137.1,6.54,0.66,14.4,135.4,4.49,0.25,0.298,0.5,0.5556,0.25,0.5,0.0,0.39,0.4875,0.6554,0.0,0.5,0.5,0.0,0.25,0.4188,0.05,0.875,0.1919,0.2979,0.9067,0.2,0.2903,0.218,0.066,0.72,0.4425,0.5613,0.3333,0.05,COPD,COPD,0.05,0.0538666666666669
56,Non-binary,B+,187.9,109.9,31.1,Homemaker,Balanced (mixed whole foods),2 meals/day,Adequate (1.5–2.5L/day),Never,0.1,121.5,1461.0,Former smoker (quit >5 years ago),,Athlete (daily intense training),"Fair (6–7 hrs, occasional disruption)",Moderate (work/family pressures),3.3,4.9,Mental illness,55.1,120.9,92.3,37.1,71.0,6.61,1.15,12.1,141.4,3.34,0.56,0.622,1.0,0.0,0.25,0.5,0.0,0.01,0.6075,0.2922,0.25,0.0,1.0,0.5,0.5,0.2062,0.6125,0.75,0.0944,0.435,0.7433,0.35,0.07,0.2203,0.115,0.605,0.5175,0.4175,0.1111,0.48,Hypertension,Hypertension,0.48,0.4801333333333332
39,Male,B+,180.9,49.7,15.2,IT / technology worker,Low-calorie restrictive,Irregular / skips meals often,Excellent (>3.5L/day),Never,7.0,80.3,877.0,Current light smoker (<10 cigs/day),Heavy (>7 drinks/week),Active (300+ min/week mixed),"Good (7–8 hrs, mostly restful)",Moderate (work/family pressures),12.8,0.6,Heart disease,88.8,95.7,93.5,37.0,102.2,7.62,2.2,16.1,144.7,4.48,0.39,0.304,0.0,0.8889,1.0,1.0,0.0,0.7,0.4015,0.1754,0.75,0.75,0.75,0.75,0.5,0.8,0.075,0.25,0.305,0.255,0.7833,0.3333,0.174,0.254,0.22,0.805,0.5587,0.56,0.7778,0.22,Asthma,Asthma,0.22,0.22073333333333267
73,Male,B+,168.5,97.9,34.5,IT / technology worker,"Vegetarian (plant-based, dairy/eggs allowed)",1 meal/day (OMAD),Good (2.5–3.5L/day),Frequently (3–5x/week),4.1,13.6,1648.0,Current heavy smoker (>10 cigs/day),,Athlete (daily intense training),"Poor (5–6 hrs, unrefreshing)",Minimal (relaxed lifestyle),5.9,2.6,Heart disease,60.1,135.4,92.1,37.2,126.1,3.65,1.15,14.7,135.9,4.1,0.73,0.69,0.0,0.2222,0.0,0.75,0.75,0.41,0.068,0.3296,1.0,0.0,1.0,0.25,0.0,0.3688,0.325,0.25,0.1256,0.5386,0.7367,0.3667,0.2537,0.1217,0.115,0.735,0.4488,0.5125,0.1111,0.4,Hypertension,Hypertension,0.4,0.39973333333333516
56,Female,B-,173.9,51.4,17.0,Teacher / academic,Low-calorie restrictive,3 meals/day (standard),Excellent (>3.5L/day),Occasionally (1–2x/week),5.0,20.4,3111.0,Former smoker (quit 1–5 years ago),Moderate (3–7 drinks/week),Moderate (150 min/week aerobic),"Poor (5–6 hrs, unrefreshing)",High (chronic workplace/financial stress),1.1,3.6,Obesity,76.6,115.3,96.8,37.2,132.7,5.74,0.51,12.2,139.0,2.92,0.56,0.34,0.5,0.8889,0.5,1.0,0.5,0.5,0.102,0.6222,0.5,0.5,0.5,0.25,0.75,0.0688,0.45,0.875,0.2287,0.395,0.8933,0.3667,0.2757,0.1913,0.051,0.61,0.4875,0.365,0.0,0.56,Type 2 Diabetes,Type 2 Diabetes,0.56,0.5615000000000007
72,Non-binary,O-,173.2,68.9,23.0,Student,High-sodium / fried foods,1 meal/day (OMAD),Good (2.5–3.5L/day),Frequently (3–5x/week),1.2,102.0,828.0,Former smoker (quit 1–5 years ago),Light (1–2 drinks/week),Active (300+ min/week mixed),"Poor (5–6 hrs, unrefreshing)",Moderate (work/family pressures),11.1,0.3,Kidney disease,95.3,129.1,91.7,36.9,89.4,8.85,0.54,13.6,141.7,4.51,0.72,0.46,1.0,0.7778,0.0,0.75,0.75,0.12,0.51,0.1656,0.5,0.25,0.75,0.25,0.5,0.6937,0.0375,0.625,0.3456,0.4936,0.7233,0.3167,0.1313,0.295,0.054,0.68,0.5212,0.5637,0.5556,0.15,Obesity,Obesity,0.15,0.14999999999999916
38,Male,A-,187.4,55.6,15.8,Student,Traditional regional diet,1 meal/day (OMAD),Very low (<1L/day),Occasionally (1–2x/week),5.0,125.6,2395.0,Current light smoker (<10 cigs/day),Moderate (3–7 drinks/week),Sedentary (no exercise),"Very poor (<5 hrs, frequent waking)",High (chronic workplace/financial stress),5.5,3.3,Cancer,98.2,123.6,94.8,36.6,95.5,8.99,1.86,12.9,137.4,3.35,0.38,0.316,0.0,1.0,0.0,0.0,0.5,0.5,0.628,0.479,0.75,0.5,0.0,0.0,0.75,0.3438,0.4125,0.5,0.3638,0.4543,0.8267,0.2667,0.1517,0.2997,0.186,0.645,0.4675,0.4188,0.7778,0.12,Asthma,Asthma,0.12,0.12
66,Male,AB+,192.1,119.1,32.3,Retired,"Keto (very low carb, high fat)",1 meal/day (OMAD),Low (1–1.5L/day),Frequently (3–5x/week),6.5,181.2,1098.0,Current heavy smoker (>10 cigs/day),Light (1–2 drinks/week),Athlete (daily intense training),"Excellent (8–9 hrs, deep restful sleep)",High (chronic workplace/financial stress),2.1,2.9,,69.3,168.6,92.9,36.0,85.1,8.6,1.26,14.0,134.3,2.94,0.66,0.646,0.0,0.4444,0.0,0.25,0.75,0.65,0.906,0.2196,1.0,0.25,1.0,1.0,0.75,0.1313,0.3625,0.0,0.1831,0.7757,0.7633,0.1667,0.117,0.2867,0.126,0.7,0.4288,0.3675,0.7778,0.26,Asthma,Asthma,0.26,0.25990000000000024
33,Non-binary,O-,173.4,53.2,17.7,Teacher / academic,Fast-food dominant,2 meals/day,Low (1–1.5L/day),Rarely (once a month),7.9,129.2,3687.0,Current heavy smoker (>10 cigs/day),,Light (walking <30 min/day),"Fair (6–7 hrs, occasional disruption)",Moderate (work/family pressures),12.0,4.8,Heart disease,71.4,124.3,95.5,37.0,50.0,9.68,1.47,13.0,144.0,4.41,0.33,0.354,1.0,0.6667,0.25,0.25,0.25,0.79,0.646,0.7374,1.0,0.0,0.25,0.5,0.5,0.75,0.6,0.25,0.1963,0.4593,0.85,0.3333,0.0,0.3227,0.147,0.65,0.55,0.5513,0.3333,0.09,COPD,COPD,0.09,0.09009999999999989
59,Non-binary,A+,157.3,97.3,39.3,"Manual laborer (construction, farming)","Keto (very low carb, high fat)",4–5 small meals/day (frequent),Low (1–1.5L/day),Rarely (once a month),8.7,84.8,1172.0,Never smoked,Binge drinking,Sedentary (no exercise),"Excellent (8–9 hrs, deep restful sleep)",Low (manageable daily stressors),10.6,1.3,Mental illness,82.4,129.3,96.3,37.2,75.3,13.11,2.12,16.4,145.1,4.06,0.59,0.786,1.0,0.4444,0.75,0.25,0.25,0.87,0.424,0.2344,0.0,1.0,0.0,1.0,0.25,0.6625,0.1625,0.75,0.265,0.495,0.8767,0.3667,0.0843,0.437,0.212,0.82,0.5637,0.5075,0.2222,0.14,Coronary Artery Disease,Coronary Artery Disease,0.14,0.14000000000000043
